group,max,min
Business Operations,0.238952272855025,-0.0971882637544768
Company Profile,0.146143603806081,-0.0849648300877785
Financial Trends,0.202073404703692,-0.313192936830061
Liquidity,0.231922369998685,-0.176009642982403